target temperature;Temperature;PID output;proportional part; integral part;differential part;Calculated temperature
200;94;0;0;0;0;94
200;94;0;0;0;0;94
200;94;6;6;0;0;95
200;94;6;6;0;0;95
200;94;12;12;0;0;96
200;94;12;12;0;0;96
200;94;12;12;0;0;97
200;94;13;12;1;0;97
200;94;13;12;1;0;98
200;94;13;12;1;0;98
200;94;13;12;1;0;99
200;94;13;12;1;0;99
200;94;14;12;2;0;100
200;94;14;12;2;0;100
200;94;14;12;2;0;101
200;94;14;12;2;0;101
200;94;14;12;2;0;102
200;94;15;12;3;0;102
200;94;15;12;3;0;103
200;94;15;12;3;0;103
200;94;15;12;3;0;104
200;94;15;12;3;0;104
200;94;16;12;4;0;105
200;94;16;12;4;0;105
200;94;16;12;4;0;106
200;94;16;12;4;0;106
200;94;16;12;4;0;107
200;94;17;12;5;0;107
200;94;17;12;5;0;108
200;94;17;12;5;0;108
200;94;17;12;5;0;109
200;94;17;12;5;0;109
200;94;18;12;6;0;110
200;94;18;12;6;0;110
200;94;18;12;6;0;111
200;95;11;6;6;65535;111
200;94;11;6;6;65535;112
200;95;18;12;6;0;112
200;95;11;6;6;65535;113
200;95;19;12;7;0;113
200;95;18;12;7;65535;114
200;95;18;12;7;65535;114
200;95;18;12;7;65535;115
200;95;18;12;7;65535;115
200;95;20;12;8;0;116
200;95;20;12;8;0;116
200;95;19;12;8;65535;117
200;95;20;12;8;0;117
200;95;19;12;8;65535;118
200;95;21;12;9;0;118
200;95;27;18;9;0;119
200;95;21;12;9;0;119
200;96;28;18;9;1;120
200;96;22;12;10;0;120
200;96;22;12;10;0;121
200;96;22;12;10;0;121
200;96;22;12;10;0;122
200;96;22;12;10;0;122
200;97;16;6;11;65535;123
200;97;23;12;11;0;123
200;97;17;6;11;0;124
200;97;16;6;11;65535;124
200;97;23;12;11;0;125
200;97;23;12;11;0;125
200;97;24;12;12;0;126
200;97;24;12;12;0;126
200;97;24;12;12;0;127
200;97;25;12;12;1;127
200;98;24;12;12;0;128
200;98;18;6;12;0;128
200;98;25;12;13;0;129
200;98;25;12;13;0;129
200;98;25;12;13;0;130
200;98;25;12;13;0;130
200;99;25;12;13;0;131
200;99;19;6;14;65535;131
200;99;25;12;14;65535;132
200;99;25;12;14;65535;132
200;99;25;12;14;65535;133
200;100;18;6;14;65534;133
200;100;24;12;14;65534;134
200;100;25;12;15;65534;134
200;100;25;12;15;65534;135
200;100;25;12;15;65534;135
200;100;26;12;15;65535;136
200;101;26;12;15;65535;136
200;101;26;12;16;65534;137
200;101;26;12;16;65534;137
200;102;20;6;16;65534;138
200;102;20;6;16;65534;138
200;102;26;12;16;65534;139
200;102;26;12;16;65534;139
200;103;27;12;17;65534;140
200;103;20;6;17;65533;140
200;103;26;12;17;65533;141
200;103;27;12;17;65534;141
200;103;27;12;17;65534;142
200;104;21;6;17;65534;142
200;104;28;12;18;65534;143
200;105;28;12;18;65534;143
200;105;21;6;18;65533;144
200;105;21;6;18;65533;144
200;105;28;12;18;65534;145
200;106;28;12;18;65534;145
200;106;22;6;19;65533;146
200;106;22;6;19;65533;146
200;106;29;12;19;65534;147
200;106;29;12;19;65534;147
200;106;29;12;19;65534;148
200;107;29;12;19;65534;148
200;107;30;12;20;65534;149
200;108;23;6;20;65533;149
200;108;29;12;20;65533;150
200;109;30;12;20;65534;150
200;109;30;12;20;65534;151
200;109;30;12;20;65534;151
200;109;31;12;21;65534;152
200;110;31;12;21;65534;152
200;110;31;12;21;65534;153
200;111;24;6;21;65533;153
200;111;31;12;21;65534;154
200;111;32;12;22;65534;154
200;112;32;12;22;65534;155
200;112;26;6;22;65534;155
200;112;32;12;22;65534;156
200;113;32;12;22;65534;156
200;113;31;12;22;65533;157
200;114;33;12;23;65534;157
200;114;33;12;23;65534;158
200;115;33;12;23;65534;158
200;115;39;18;23;65534;159
200;115;33;12;24;65533;159
200;116;33;12;24;65533;160
200;116;25;6;24;65531;160
200;116;31;12;24;65531;161
200;117;25;6;24;65531;161
200;117;31;12;24;65531;162
200;118;34;12;25;65533;162
200;119;32;12;25;65531;163
200;119;25;6;25;65530;163
200;119;32;12;25;65531;164
200;119;32;12;25;65531;164
200;120;34;12;25;65533;165
200;120;27;6;26;65531;165
200;121;27;6;26;65531;166
200;121;27;6;26;65531;166
200;122;26;6;26;65530;167
200;122;27;6;26;65531;167
200;123;35;12;26;65533;168
200;123;27;6;26;65531;168
200;124;33;12;26;65531;169
200;124;27;6;27;65530;169
200;125;34;12;27;65531;170
200;125;28;6;27;65531;170
200;126;34;12;27;65531;171
200;126;28;6;27;65531;171
200;127;34;12;27;65531;172
200;127;27;6;27;65530;172
200;128;35;12;28;65531;173
200;128;29;6;28;65531;173
200;129;37;12;28;65533;174
200;129;37;12;28;65533;174
200;130;29;6;28;65531;175
200;130;29;6;28;65531;175
200;131;38;12;29;65533;176
200;131;30;6;29;65531;176
200;131;38;12;29;65533;177
200;133;30;6;29;65531;177
200;133;30;6;29;65531;178
200;133;30;6;29;65531;178
200;134;36;12;29;65531;179
200;134;32;6;29;65533;179
200;135;39;12;30;65533;180
200;136;31;6;30;65531;180
200;136;31;6;30;65531;181
200;136;31;6;30;65531;181
200;137;31;6;30;65531;182
200;137;31;6;30;65531;182
200;138;37;12;30;65531;183
200;139;30;6;30;65530;183
200;139;31;6;31;65530;184
200;140;31;6;31;65530;184
200;140;31;6;31;65530;185
200;141;32;6;31;65531;185
200;141;31;6;31;65530;186
200;142;32;6;31;65531;186
200;142;32;6;31;65531;187
200;143;32;6;31;65531;187
200;143;32;6;31;65531;188
200;144;34;6;31;65533;188
200;145;33;6;32;65531;189
200;145;27;0;32;65531;189
200;146;33;6;32;65531;190
200;146;27;0;32;65531;190
200;147;33;6;32;65531;191
200;148;27;0;32;65531;191
200;148;26;0;32;65530;192
200;149;27;0;32;65531;192
200;150;26;0;32;65530;193
200;150;20;65530;32;65530;193
200;151;27;0;32;65531;194
200;151;20;65530;32;65530;194
200;151;27;0;32;65531;195
200;152;27;0;32;65531;195
200;153;27;0;32;65531;196
200;153;20;65530;31;65531;196
200;154;26;0;31;65531;197
200;154;20;65530;31;65531;197
200;155;28;0;31;65533;198
200;155;20;65530;31;65531;198
200;156;28;0;31;65533;199
200;157;20;65530;31;65531;199
200;157;19;65530;31;65530;200
200;158;19;65530;31;65530;200
200;158;19;65530;31;65530;200
200;159;19;65530;31;65530;200
200;159;19;65530;31;65530;200
200;160;19;65530;31;65530;200
200;160;18;65530;30;65530;200
200;161;18;65530;30;65530;200
200;162;18;65530;30;65530;200
200;162;12;65524;30;65530;200
200;162;18;65530;30;65530;200
200;163;12;65524;30;65530;200
200;164;18;65530;30;65530;200
200;165;11;65524;29;65530;200
200;165;10;65524;29;65529;200
200;166;11;65524;29;65530;200
200;166;10;65524;29;65529;200
200;167;11;65524;29;65530;200
200;167;10;65524;28;65530;200
200;168;10;65524;28;65530;200
200;168;10;65524;28;65530;200
200;168;10;65524;28;65530;200
200;169;10;65524;28;65530;200
200;170;10;65524;27;65531;200
200;170;9;65524;27;65530;200
200;170;10;65524;27;65531;200
200;171;16;65530;27;65531;200
200;171;10;65524;27;65531;200
200;172;10;65524;27;65531;200
200;172;11;65524;26;65533;200
200;173;17;65530;26;65533;200
200;173;11;65524;26;65533;200
200;173;17;65530;26;65533;200
200;174;18;65530;26;65534;200
200;174;17;65530;26;65533;200
200;175;9;65524;26;65531;200
200;175;16;65530;25;65533;200
200;175;16;65530;25;65533;200
200;175;22;0;25;65533;200
200;176;22;0;25;65533;200
200;176;22;0;25;65533;200
200;177;22;0;25;65533;200
200;177;20;0;25;65531;200
200;177;22;0;25;65533;200
200;178;22;0;25;65533;200
200;178;22;0;25;65533;200
200;178;28;6;25;65533;200
200;179;29;6;26;65533;200
200;179;27;6;26;65531;200
200;179;29;6;26;65533;200
200;179;35;12;26;65533;200
200;180;29;6;26;65533;200
200;180;35;12;26;65533;200
200;181;36;12;26;65534;200
200;181;36;12;27;65533;200
200;181;36;12;27;65533;200
200;182;36;12;27;65533;200
200;182;30;6;27;65533;200
200;182;36;12;27;65533;200
200;182;28;6;27;65531;200
200;183;31;6;28;65533;200
200;184;31;6;28;65533;200
200;184;29;6;28;65531;200
200;184;31;6;28;65533;200
200;184;37;12;28;65533;200
200;185;37;12;28;65533;200
200;186;37;12;28;65533;200
200;186;30;6;29;65531;200
200;186;38;12;29;65533;200
200;186;38;12;29;65533;200
200;187;30;6;29;65531;200
200;187;32;6;29;65533;200
200;187;32;6;29;65533;200
200;188;38;12;29;65533;200
200;188;31;6;30;65531;200
200;189;33;6;30;65533;200
200;189;33;6;30;65533;200
200;190;33;6;30;65533;200
200;190;25;0;30;65531;200
200;191;33;6;30;65533;200
200;191;25;0;30;65531;200
200;192;25;0;30;65531;200
200;192;25;0;30;65531;200
200;192;27;0;30;65533;200
200;192;27;0;30;65533;200
200;193;27;0;30;65533;200
200;193;27;0;30;65533;200
200;194;21;65530;30;65533;200
200;194;21;65530;30;65533;200
200;195;28;0;30;65534;200
200;195;21;65530;30;65533;200
200;195;21;65530;30;65533;200
200;196;20;65530;29;65533;200
200;197;18;65530;29;65531;200
200;197;12;65524;29;65531;200
200;197;12;65524;29;65531;200
200;197;14;65524;29;65533;200
200;198;20;65530;29;65533;200
200;199;11;65524;28;65531;200
200;199;5;65518;28;65531;200
200;199;5;65518;28;65531;200
200;200;5;65518;28;65531;200
200;200;4;65518;27;65531;200
200;200;6;65518;27;65533;200
200;200;6;65518;27;65533;200
200;201;5;65518;26;65533;200
200;202;65533;65512;26;65531;200
200;202;65533;65512;26;65531;200
200;202;65534;65512;25;65533;200
200;202;65534;65512;25;65533;200
200;203;65533;65512;24;65533;200
200;203;65527;65506;24;65533;200
200;203;65526;65506;23;65533;200
200;203;65532;65512;23;65533;200
200;204;65532;65512;23;65533;200
200;204;65525;65506;22;65533;200
200;205;65526;65506;22;65534;200
200;205;65518;65500;21;65533;200
200;205;65517;65500;20;65533;200
200;205;65523;65506;20;65533;200
200;205;65523;65506;19;65534;200
200;206;65523;65506;19;65534;200
200;206;65515;65500;18;65533;200
200;207;65515;65500;18;65533;200
200;207;65508;65494;17;65533;200
200;207;65507;65494;16;65533;200
200;207;65508;65494;16;65534;200
200;207;65507;65494;15;65534;200
200;207;65506;65494;14;65534;200
200;207;65505;65494;13;65534;200
200;208;65505;65494;13;65534;200
200;208;65498;65488;12;65534;200
200;208;65497;65488;11;65534;200
200;208;65497;65488;10;65535;200
200;208;65497;65488;10;65535;200
200;208;65496;65488;9;65535;200
200;209;65495;65488;8;65535;200
200;209;65487;65482;7;65534;200
200;209;65486;65482;6;65534;200
200;209;65485;65482;5;65534;200
200;209;65485;65482;4;65535;200
200;209;65484;65482;3;65535;200
200;210;65484;65482;3;65535;200
200;210;65476;65476;2;65534;200
200;210;65475;65476;1;65534;200
200;210;65474;65476;0;65534;200
200;210;65475;65476;0;65535;200
200;210;65475;65476;0;65535;200
200;210;65475;65476;0;65535;200
200;210;65475;65476;0;65535;200
200;210;65475;65476;0;65535;200
200;210;65475;65476;0;65535;200
200;210;65476;65476;0;0;200
200;210;65476;65476;0;0;200
200;210;65476;65476;0;0;200
200;210;65476;65476;0;0;200
200;210;65476;65476;0;0;200
200;210;65476;65476;0;0;200
200;210;65476;65476;0;0;200
200;210;65476;65476;0;0;200
200;210;65476;65476;0;0;200
200;210;65476;65476;0;0;200
200;210;65476;65476;0;0;200
200;210;65476;65476;0;0;200
200;210;65469;65470;0;65535;200
200;210;65476;65476;0;0;200
200;211;65476;65476;0;0;200
200;210;65469;65470;0;65535;200
200;210;65476;65476;0;0;200
200;210;65476;65476;0;0;200
200;210;65476;65476;0;0;200
200;210;65469;65470;0;65535;200
200;210;65469;65470;0;65535;200
200;210;65477;65476;0;1;200
200;211;65476;65476;0;0;200
200;210;65476;65476;0;0;200
200;210;65477;65476;0;1;200
200;210;65476;65476;0;0;200
200;210;65476;65476;0;0;200
200;210;65476;65476;0;0;200
200;210;65470;65470;0;0;200
200;210;65476;65476;0;0;200
200;210;65475;65476;0;65535;200
200;210;65475;65476;0;65535;200
200;210;65475;65476;0;65535;200
200;210;65475;65476;0;65535;200
200;210;65475;65476;0;65535;200
200;210;65475;65476;0;65535;200
200;210;65475;65476;0;65535;200
200;210;65476;65476;0;0;200
200;210;65476;65476;0;0;200
200;210;65476;65476;0;0;200
200;210;65476;65476;0;0;200
200;210;65476;65476;0;0;200
200;210;65476;65476;0;0;200
200;210;65476;65476;0;0;200
200;210;65476;65476;0;0;200
200;210;65476;65476;0;0;200
200;210;65476;65476;0;0;200
200;210;65482;65482;0;0;200
200;209;65475;65476;0;65535;200
200;210;65482;65482;0;0;200
200;209;65475;65476;0;65535;200
200;209;65482;65482;0;0;200
200;209;65482;65482;0;0;200
200;209;65482;65482;0;0;200
200;209;65482;65482;0;0;200
200;209;65482;65482;0;0;200
200;208;65482;65482;0;0;200
200;208;65490;65488;0;2;200
200;208;65489;65488;0;1;200
200;208;65483;65482;0;1;200
200;208;65489;65488;0;1;200
200;208;65489;65488;0;1;200
200;208;65489;65488;0;1;200
200;208;65489;65488;0;1;200
200;208;65489;65488;0;1;200
200;208;65489;65488;0;1;200
200;208;65488;65488;0;0;200
200;208;65488;65488;0;0;200
200;208;65489;65488;0;1;200
200;208;65488;65488;0;0;200
200;208;65488;65488;0;0;200
200;208;65488;65488;0;0;200
200;208;65488;65488;0;0;200
200;208;65488;65488;0;0;200
200;208;65488;65488;0;0;200
200;207;65495;65494;0;1;200
200;207;65495;65494;0;1;200
200;207;65495;65494;0;1;200
200;207;65495;65494;0;1;200
200;207;65495;65494;0;1;200
200;207;65495;65494;0;1;200
200;207;65495;65494;0;1;200
200;207;65495;65494;0;1;200
200;207;65495;65494;0;1;200
200;207;65494;65494;0;0;200
200;207;65494;65494;0;0;200
200;207;65494;65494;0;0;200
200;207;65494;65494;0;0;200
200;206;65494;65494;0;0;200
200;206;65501;65500;0;1;200
200;206;65501;65500;0;1;200
200;206;65501;65500;0;1;200
200;206;65501;65500;0;1;200
200;206;65501;65500;0;1;200
200;206;65501;65500;0;1;200
200;206;65501;65500;0;1;200
200;206;65508;65506;0;2;200
200;205;65501;65500;0;1;200
200;205;65507;65506;0;1;200
200;205;65507;65506;0;1;200
200;205;65507;65506;0;1;200
200;205;65507;65506;0;1;200
200;205;65507;65506;0;1;200
200;205;65507;65506;0;1;200
200;205;65507;65506;0;1;200
200;205;65506;65506;0;0;200
200;205;65507;65506;0;1;200
200;205;65506;65506;0;0;200
200;205;65513;65512;0;1;200
200;204;65513;65512;0;1;200
200;204;65513;65512;0;1;200
200;204;65513;65512;0;1;200
200;204;65513;65512;0;1;200
200;204;65513;65512;0;1;200
200;204;65513;65512;0;1;200
200;203;65520;65518;0;2;200
200;203;65513;65512;0;1;200
200;203;65519;65518;0;1;200
200;203;65519;65518;0;1;200
200;203;65519;65518;0;1;200
200;203;65519;65518;0;1;200
200;203;65519;65518;0;1;200
200;203;65519;65518;0;1;200
200;203;65519;65518;0;1;200
200;203;65518;65518;0;0;200
200;203;65519;65518;0;1;200
200;203;65518;65518;0;0;200
200;203;65518;65518;0;0;200
200;203;65518;65518;0;0;200
200;203;65518;65518;0;0;200
200;202;65518;65518;0;0;200
200;202;65525;65524;0;1;200
200;202;65525;65524;0;1;200
200;202;65525;65524;0;1;200
200;202;65525;65524;0;1;200
200;202;65525;65524;0;1;200
200;202;65525;65524;0;1;200
200;202;65525;65524;0;1;200
200;202;65525;65524;0;1;200
200;202;65525;65524;0;1;200
200;202;65524;65524;0;0;200
200;201;65524;65524;0;0;200
200;202;65531;65530;0;1;200
200;202;65524;65524;0;0;200
200;201;65524;65524;0;0;200
200;201;65531;65530;0;1;200
200;201;65531;65530;0;1;200
200;201;65531;65530;0;1;200
200;201;65531;65530;0;1;200
200;200;2;0;0;2;200
200;200;2;0;0;2;200
200;200;1;0;0;1;200
200;200;2;0;0;2;200
200;200;2;0;0;2;200
200;200;1;0;0;1;200
200;200;1;0;0;1;200
200;200;1;0;0;1;200
200;200;1;0;0;1;200
200;200;0;0;0;0;200
200;200;0;0;0;0;200
200;200;0;0;0;0;200
200;199;0;0;0;0;200
200;200;7;6;0;1;200
200;199;7;6;0;1;200
200;199;7;6;0;1;200
200;199;7;6;0;1;200
200;199;7;6;0;1;200
200;198;7;6;0;1;200
200;199;14;12;0;2;200
200;199;7;6;0;1;200
200;198;7;6;0;1;200
200;198;14;12;1;1;200
200;199;14;12;1;1;200
200;198;14;12;1;1;200
200;198;14;12;1;1;200
200;198;14;12;1;1;200
200;198;15;12;2;1;200
200;198;14;12;2;0;200
200;198;15;12;2;1;200
200;198;15;12;2;1;200
200;198;14;12;2;0;200
200;198;15;12;3;0;200
200;198;15;12;3;0;200
200;198;15;12;3;0;200
200;198;15;12;3;0;200
200;198;15;12;3;0;200
200;198;16;12;4;0;200
200;198;16;12;4;0;200
200;197;16;12;4;0;200
200;198;16;12;4;0;200
200;197;24;18;5;1;200
200;198;24;18;5;1;200
200;197;17;12;5;0;200
200;198;24;18;5;1;200
200;197;18;12;6;0;200
200;197;25;18;6;1;200
200;197;25;18;6;1;200
200;197;25;18;6;1;200
200;197;26;18;7;1;200
200;197;25;18;7;0;200
200;198;25;18;7;0;200
200;198;20;12;8;0;200
200;197;19;12;8;65535;200
200;198;20;12;8;0;200
200;198;26;18;8;0;200
200;198;19;12;8;65535;200
200;198;20;12;9;65535;200
200;198;20;12;9;65535;200
200;198;20;12;9;65535;200
200;197;20;12;9;65535;200
200;198;29;18;10;1;200
200;198;22;12;10;0;200
200;198;22;12;10;0;200
200;198;21;12;10;65535;200
200;198;22;12;10;0;200
200;198;23;12;11;0;200
200;198;23;12;11;0;200
200;198;23;12;11;0;200
200;198;23;12;11;0;200
200;198;22;12;11;65535;200
200;198;24;12;12;0;200
200;198;24;12;12;0;200
200;198;17;6;12;65535;200
200;199;24;12;12;0;200
200;199;17;6;12;65535;200
200;199;17;6;12;65535;200
200;199;17;6;12;65535;200
200;200;17;6;12;65535;200
200;199;10;0;12;65534;200
200;200;10;0;12;65534;200
200;200;10;0;12;65534;200
200;200;11;0;12;65535;200
200;200;10;0;12;65534;200
200;200;11;0;12;65535;200
200;200;11;0;12;65535;200
200;200;11;0;12;65535;200
200;200;11;0;12;65535;200
200;200;12;0;12;0;200
200;201;5;65530;12;65535;200
200;201;5;65530;12;65535;200
200;201;5;65530;12;65535;200
200;201;5;65530;12;65535;200
200;202;5;65530;12;65535;200
200;202;65534;65524;12;65534;200
200;202;65534;65524;12;65534;200
200;202;65533;65524;11;65534;200
200;202;65533;65524;11;65534;200
200;202;65534;65524;11;65535;200
200;202;65534;65524;11;65535;200
200;202;65534;65524;11;65535;200
200;202;65533;65524;10;65535;200
200;203;65533;65524;10;65535;200
200;202;65534;65524;10;0;200
200;203;65527;65518;10;65535;200
200;203;65526;65518;9;65535;200
200;203;65526;65518;9;65535;200
200;203;65526;65518;9;65535;200
200;203;65525;65518;8;65535;200
200;203;65525;65518;8;65535;200
400;203;65525;65518;8;65535;203
400;203;65525;65518;8;65535;203
400;203;65524;65518;7;65535;204
400;203;65525;65518;7;0;204
400;203;7;0;7;0;205
400;204;13;6;7;0;205
400;204;6;0;7;65535;206
400;204;12;6;7;65535;206
400;204;12;6;7;65535;207
400;204;18;12;7;65535;207
400;204;19;12;8;65535;208
400;204;19;12;8;65535;208
400;204;19;12;8;65535;209
400;204;19;12;8;65535;209
400;205;19;12;8;65535;210
400;205;14;6;9;65535;210
400;204;14;6;9;65535;211
400;205;14;6;9;65535;211
400;205;14;6;9;65535;212
400;205;20;12;9;65535;212
400;205;20;12;9;65535;213
400;205;20;12;9;65535;213
400;205;21;12;10;65535;214
400;205;21;12;10;65535;214
400;205;22;12;10;0;215
400;205;22;12;10;0;215
400;205;22;12;10;0;216
400;205;23;12;11;0;216
400;205;23;12;11;0;217
400;206;23;12;11;0;217
400;206;16;6;11;65535;218
400;206;16;6;11;65535;218
400;206;16;6;11;65535;219
400;206;23;12;12;65535;219
400;207;23;12;12;65535;220
400;206;16;6;12;65534;220
400;207;23;12;12;65535;221
400;207;16;6;12;65534;221
400;207;16;6;12;65534;222
400;207;23;12;12;65535;222
400;207;24;12;13;65535;223
400;207;24;12;13;65535;223
400;207;24;12;13;65535;224
400;207;24;12;13;65535;224
400;207;25;12;13;0;225
400;208;25;12;14;65535;225
400;207;19;6;14;65535;226
400;208;32;18;14;0;226
400;208;25;12;14;65535;227
400;208;25;12;14;65535;227
400;208;26;12;15;65535;228
400;208;26;12;15;65535;228
400;208;26;12;15;65535;229
400;208;19;6;15;65534;229
400;209;19;6;15;65534;230
400;209;27;12;16;65535;230
400;209;26;12;16;65534;231
400;210;27;12;16;65535;231
400;210;21;6;16;65535;232
400;210;27;12;16;65535;232
400;210;27;12;16;65535;233
400;210;28;12;17;65535;233
400;210;28;12;17;65535;234
400;211;29;12;17;0;234
400;211;29;12;17;0;235
400;211;28;12;17;65535;235
400;211;29;12;18;65535;236
400;211;29;12;18;65535;236
400;211;29;12;18;65535;237
400;211;29;12;18;65535;237
400;212;29;12;18;65535;238
400;212;29;12;19;65534;238
400;213;29;12;19;65534;239
400;213;28;12;19;65533;239
400;213;29;12;19;65534;240
400;213;29;12;19;65534;240
400;213;30;12;20;65534;241
400;213;30;12;20;65534;241
400;214;30;12;20;65534;242
400;214;29;12;20;65533;242
400;214;30;12;20;65534;243
400;215;31;12;21;65534;243
400;215;25;6;21;65534;244
400;216;31;12;21;65534;244
400;216;24;6;21;65533;245
400;216;30;12;21;65533;245
400;216;30;12;21;65533;246
400;217;31;12;22;65533;246
400;217;25;6;22;65533;247
400;218;31;12;22;65533;247
400;218;23;6;22;65531;248
400;218;31;12;22;65533;248
400;219;31;12;22;65533;249
400;219;26;6;23;65533;249
400;219;26;6;23;65533;250
400;219;32;12;23;65533;250
400;220;24;6;23;65531;251
400;220;32;12;23;65533;251
400;221;24;6;23;65531;252
400;221;32;12;23;65533;252
400;221;33;12;24;65533;253
400;222;33;12;24;65533;253
400;222;27;6;24;65533;254
400;222;33;12;24;65533;254
400;223;33;12;24;65533;255
400;223;34;12;25;65533;255
400;224;34;12;25;65533;256
400;224;34;12;25;65533;256
400;224;34;12;25;65533;257
400;225;34;12;25;65533;257
400;225;26;6;25;65531;258
400;225;35;12;26;65533;258
400;226;29;6;26;65533;259
400;227;35;12;26;65533;259
400;227;29;6;26;65533;260
400;227;35;12;26;65533;260
400;228;36;12;26;65534;261
400;228;30;6;27;65533;261
400;228;30;6;27;65533;262
400;229;37;12;27;65534;262
400;229;30;6;27;65533;263
400;230;36;12;27;65533;263
400;230;28;6;27;65531;264
400;231;36;12;27;65533;264
400;231;29;6;28;65531;265
400;231;35;12;28;65531;265
400;232;37;12;28;65533;266
400;232;35;12;28;65531;266
400;233;28;6;28;65530;267
400;233;35;12;28;65531;267
400;234;36;12;29;65531;268
400;234;36;12;29;65531;268
400;235;36;12;29;65531;269
400;235;36;12;29;65531;269
400;235;36;12;29;65531;270
400;236;37;12;30;65531;270
400;236;31;6;30;65531;271
400;236;39;12;30;65533;271
400;238;31;6;30;65531;272
400;238;31;6;30;65531;272
400;238;33;6;30;65533;273
400;239;39;12;30;65533;273
400;239;34;6;31;65533;274
400;239;40;12;31;65533;274
400;240;40;12;31;65533;275
400;241;40;12;31;65533;275
400;241;32;6;31;65531;276
400;241;40;12;31;65533;276
400;242;41;12;32;65533;277
400;242;39;12;32;65531;277
400;243;39;12;32;65531;278
400;244;39;12;32;65531;278
400;244;32;6;32;65530;279
400;244;39;12;33;65530;279
400;245;33;6;33;65530;280
400;245;40;12;33;65531;280
400;246;33;6;33;65530;281
400;247;39;12;33;65530;281
400;247;33;6;33;65530;282
400;247;39;12;33;65530;282
400;248;34;6;34;65530;283
400;248;41;12;34;65531;283
400;249;34;6;34;65530;284
400;250;41;12;34;65531;284
400;250;34;6;34;65530;285
400;250;41;12;34;65531;285
400;251;42;12;35;65531;286
400;251;42;12;35;65531;286
400;252;42;12;35;65531;287
400;252;42;12;35;65531;287
400;253;42;12;35;65531;288
400;253;43;12;36;65531;288
400;254;43;12;36;65531;289
400;254;43;12;36;65531;289
400;255;43;12;36;65531;290
400;255;43;12;36;65531;290
400;256;46;12;37;65533;291
400;256;44;12;37;65531;291
400;257;38;6;37;65531;292
400;257;44;12;37;65531;292
400;258;38;6;37;65531;293
400;258;44;12;37;65531;293
400;259;47;12;38;65533;294
400;259;45;12;38;65531;294
400;260;39;6;38;65531;295
400;260;39;6;38;65531;295
400;261;41;6;38;65533;296
400;261;41;6;38;65533;296
400;262;41;6;38;65533;297
400;262;41;6;38;65533;297
400;263;41;6;38;65533;298
400;263;40;6;39;65531;298
400;264;34;0;39;65531;299
400;264;40;6;39;65531;299
400;265;40;6;39;65531;300
400;265;39;6;39;65530;300
400;266;33;0;39;65530;301
400;266;39;6;39;65530;301
400;267;40;6;39;65531;302
400;267;39;6;39;65530;302
400;268;40;6;39;65531;303
400;269;40;6;39;65531;303
400;269;34;0;39;65531;304
400;269;40;6;39;65531;304
400;270;43;6;40;65533;305
400;270;43;6;40;65533;305
400;271;43;6;40;65533;306
400;271;41;6;40;65531;306
400;272;43;6;40;65533;307
400;272;41;6;40;65531;307
400;273;43;6;40;65533;308
400;273;43;6;40;65533;308
400;273;43;6;40;65533;309
400;274;41;6;40;65531;309
400;275;44;6;41;65533;310
400;275;42;6;41;65531;310
400;276;36;0;41;65531;311
400;276;42;6;41;65531;311
400;276;44;6;41;65533;312
400;277;42;6;41;65531;312
400;277;42;6;41;65531;313
400;278;41;6;41;65530;313
400;279;42;6;41;65531;314
400;279;41;6;41;65530;314
400;280;42;6;41;65531;315
400;280;43;6;42;65531;315
400;280;43;6;42;65531;316
400;281;49;12;42;65531;316
400;281;43;6;42;65531;317
400;282;49;12;42;65531;317
400;283;43;6;42;65531;318
400;283;42;6;42;65530;318
400;283;43;6;42;65531;319
400;284;50;12;43;65531;319
400;284;44;6;43;65531;320
400;285;50;12;43;65531;320
400;286;43;6;43;65530;321
400;286;43;6;43;65530;321
400;287;43;6;43;65530;322
400;287;43;6;43;65530;322
400;287;44;6;43;65531;323
400;288;51;12;44;65531;323
400;288;44;6;44;65530;324
400;289;51;12;44;65531;324
400;289;44;6;44;65530;325
400;290;44;6;44;65530;325
400;290;45;6;44;65531;326
400;290;51;12;44;65531;326
400;291;54;12;45;65533;327
400;292;52;12;45;65531;327
400;292;45;6;45;65530;328
400;293;52;12;45;65531;328
400;293;45;6;45;65530;329
400;294;52;12;45;65531;329
400;294;47;6;46;65531;330
400;295;53;12;46;65531;330
400;295;47;6;46;65531;331
400;296;53;12;46;65531;331
400;296;47;6;46;65531;332
400;297;55;12;46;65533;332
400;297;47;6;46;65531;333
400;298;56;12;47;65533;333
400;298;48;6;47;65531;334
400;299;56;12;47;65533;334
400;300;41;0;47;65530;335
400;300;47;6;47;65530;335
400;301;40;0;47;65529;336
400;301;47;6;47;65530;336
400;302;47;6;47;65530;337
400;302;47;6;47;65530;337
400;303;47;6;47;65530;338
400;304;48;6;48;65530;338
400;304;41;0;48;65529;339
400;305;49;6;48;65531;339
400;305;43;0;48;65531;340
400;306;51;6;48;65533;340
400;306;43;0;48;65531;341
400;307;42;0;48;65530;341
400;307;43;0;48;65531;342
400;308;49;6;48;65531;342
400;308;43;0;48;65531;343
400;309;51;6;48;65533;343
400;309;43;0;48;65531;344
400;310;43;0;48;65531;344
400;311;43;0;48;65531;345
400;311;43;0;48;65531;345
400;312;45;0;48;65533;346
400;312;43;0;48;65531;346
400;313;43;0;48;65531;347
400;313;43;0;48;65531;347
400;314;43;0;48;65531;348
400;315;43;0;48;65531;348
400;315;37;65530;48;65531;349
400;315;43;0;48;65531;349
400;316;37;65530;48;65531;350
400;316;43;0;48;65531;350
400;317;45;0;48;65533;351
400;317;43;0;48;65531;351
400;318;37;65530;48;65531;352
400;319;36;65530;48;65530;352
400;320;36;65530;47;65531;353
400;320;36;65530;47;65531;353
400;321;36;65530;47;65531;354
400;321;36;65530;47;65531;354
400;322;36;65530;47;65531;355
400;322;35;65530;47;65530;355
400;323;36;65530;47;65531;356
400;323;36;65530;47;65531;356
400;324;38;65530;47;65533;357
400;324;36;65530;47;65531;357
400;325;35;65530;46;65531;358
400;325;34;65530;46;65530;358
400;326;35;65530;46;65531;359
400;326;34;65530;46;65530;359
400;327;35;65530;46;65531;360
400;327;34;65530;46;65530;360
400;328;35;65530;46;65531;361
400;328;41;0;46;65531;361
400;328;35;65530;46;65531;362
400;329;41;0;46;65531;362
400;329;35;65530;46;65531;363
400;330;34;65530;46;65530;363
400;330;34;65530;45;65531;364
400;331;40;0;45;65531;364
400;331;34;65530;45;65531;365
400;332;40;0;45;65531;365
400;332;33;65530;45;65530;366
400;333;40;0;45;65531;366
400;333;34;65530;45;65531;367
400;334;42;0;45;65533;367
400;334;36;65530;45;65533;368
400;334;42;0;45;65533;368
400;334;34;65530;45;65531;369
400;335;42;0;45;65533;369
400;336;42;0;45;65533;370
400;336;42;0;45;65533;370
400;336;42;0;45;65533;371
400;337;42;0;45;65533;371
400;337;42;0;45;65533;372
400;338;42;0;45;65533;372
400;338;42;0;45;65533;373
400;339;42;0;45;65533;373
400;339;42;0;45;65533;374
400;340;48;6;45;65533;374
400;340;42;0;45;65533;375
400;340;48;6;45;65533;375
400;341;42;0;45;65533;376
400;342;48;6;45;65533;376
400;342;42;0;45;65533;377
400;342;48;6;45;65533;377
400;343;49;6;45;65534;378
400;343;49;6;46;65533;378
400;343;49;6;46;65533;379
400;344;49;6;46;65533;379
400;344;49;6;46;65533;380
400;345;49;6;46;65533;380
400;345;49;6;46;65533;381
400;346;56;12;46;65534;381
400;346;49;6;46;65533;382
400;347;56;12;47;65533;382
400;347;50;6;47;65533;383
400;348;56;12;47;65533;383
400;348;50;6;47;65533;384
400;348;56;12;47;65533;384
400;349;56;12;47;65533;385
400;349;55;12;48;65531;385
400;350;55;12;48;65531;386
400;350;55;12;48;65531;386
400;351;55;12;48;65531;387
400;351;55;12;48;65531;387
400;352;56;12;49;65531;388
400;352;58;12;49;65533;388
400;352;50;6;49;65531;389
400;354;56;12;49;65531;389
400;354;43;0;49;65530;390
400;354;49;6;49;65530;390
400;355;50;6;49;65531;391
400;355;49;6;49;65530;391
400;356;50;6;49;65531;392
400;356;50;6;50;65530;392
400;357;43;0;50;65529;393
400;357;50;6;50;65530;393
400;358;44;0;50;65530;394
400;359;53;6;50;65533;394
400;359;53;6;50;65533;395
400;360;51;6;50;65531;395
400;360;45;0;50;65531;396
400;360;51;6;50;65531;396
400;361;45;0;50;65531;397
400;362;53;6;50;65533;397
400;362;45;0;50;65531;398
400;363;51;6;50;65531;398
400;363;44;0;50;65530;399
400;364;50;6;50;65530;399
400;364;44;0;50;65530;400
400;365;51;6;50;65531;400
400;365;44;0;50;65530;400
400;366;52;6;51;65531;400
400;366;45;0;51;65530;400
400;367;52;6;51;65531;400
400;367;46;0;51;65531;400
400;368;46;0;51;65531;400
400;369;46;0;51;65531;400
400;369;46;0;51;65531;400
400;369;46;0;51;65531;400
400;370;54;6;51;65533;400
400;371;46;0;51;65531;400
400;371;46;0;51;65531;400
400;372;46;0;51;65531;400
400;372;46;0;51;65531;400
400;373;48;0;51;65533;400
400;373;46;0;51;65531;400
400;374;48;0;51;65533;400
400;375;46;0;51;65531;400
400;375;39;65530;51;65530;400
400;375;46;0;51;65531;400
400;376;40;65530;51;65531;400
400;377;46;0;51;65531;400
400;377;39;65530;50;65531;400
400;377;45;0;50;65531;400
400;378;39;65530;50;65531;400
400;379;45;0;50;65531;400
400;379;39;65530;50;65531;400
400;379;47;0;50;65533;400
400;380;47;0;50;65533;400
400;380;47;0;50;65533;400
400;381;39;65530;50;65531;400
400;381;45;0;50;65531;400
400;382;38;65530;50;65530;400
400;382;45;0;50;65531;400
400;383;45;0;50;65531;400
400;383;45;0;50;65531;400
400;384;38;65530;50;65530;400
400;384;44;0;50;65530;400
400;384;45;0;50;65531;400
400;385;45;0;50;65531;400
400;385;45;0;50;65531;400
400;386;53;6;50;65533;400
400;386;45;0;50;65531;400
400;387;51;6;50;65531;400
400;387;45;0;50;65531;400
400;388;53;6;50;65533;400
400;388;45;0;50;65531;400
400;389;51;6;50;65531;400
400;389;53;6;50;65533;400
400;389;47;0;50;65533;400
400;390;54;6;51;65533;400
400;390;48;0;51;65533;400
400;390;48;0;51;65533;400
400;391;48;0;51;65533;400
400;392;48;0;51;65533;400
400;392;49;0;51;65534;400
400;393;48;0;51;65533;400
400;393;39;65530;50;65531;400
400;393;39;65530;50;65531;400
400;394;38;65530;50;65530;400
400;394;39;65530;50;65531;400
400;395;32;65524;50;65530;400
400;395;39;65530;50;65531;400
400;396;39;65530;50;65531;400
400;396;32;65524;50;65530;400
400;397;32;65524;49;65531;400
400;397;32;65524;49;65531;400
400;397;32;65524;49;65531;400
400;398;26;65518;49;65531;400
400;398;25;65518;48;65531;400
400;399;33;65524;48;65533;400
400;399;25;65518;48;65531;400
400;399;17;65512;47;65530;400
400;400;26;65518;47;65533;400
600;400;24;65518;47;65531;400
600;401;26;65518;47;65533;400
600;401;19;65512;46;65533;401
600;402;20;65512;46;65534;401
600;402;12;65506;45;65533;402
600;402;48;6;45;65533;402
600;402;42;0;45;65533;403
600;403;49;6;45;65534;403
600;403;49;6;46;65533;404
600;403;56;12;46;65534;404
600;404;56;12;46;65534;405
600;404;56;12;46;65534;405
600;405;49;6;46;65533;406
600;405;50;6;46;65534;406
600;406;50;6;46;65534;407
600;406;58;12;47;65535;407
600;406;51;6;47;65534;408
600;406;57;12;47;65534;408
600;407;50;6;47;65533;409
600;407;56;12;47;65533;409
600;408;56;12;47;65533;410
600;408;58;12;48;65534;410
600;409;51;6;48;65533;411
600;409;49;6;48;65531;411
600;409;57;12;48;65533;412
600;410;57;12;48;65533;412
600;410;49;6;48;65531;413
600;411;58;12;49;65533;413
600;411;50;6;49;65531;414
600;412;56;12;49;65531;414
600;412;49;6;49;65530;415
600;412;50;6;49;65531;415
600;413;52;6;49;65533;416
600;413;49;6;49;65530;416
600;414;43;0;49;65530;417
600;414;50;6;49;65531;417
600;415;43;0;49;65530;418
600;415;50;6;49;65531;418
600;415;44;0;49;65531;419
600;416;53;6;50;65533;419
600;417;53;6;50;65533;420
600;417;51;6;50;65531;420
600;418;53;6;50;65533;421
600;418;53;6;50;65533;421
600;419;53;6;50;65533;422
600;419;53;6;50;65533;422
600;420;53;6;50;65533;423
600;420;53;6;50;65533;423
600;421;53;6;50;65533;424
600;421;52;6;51;65531;424
600;421;54;6;51;65533;425
600;422;60;12;51;65533;425
600;423;54;6;51;65533;426
600;423;52;6;51;65531;426
600;424;54;6;51;65533;427
600;425;52;6;51;65531;427
600;425;52;6;51;65531;428
600;425;51;6;51;65530;428
600;426;45;0;51;65530;429
600;427;52;6;52;65530;429
600;427;45;0;52;65529;430
600;428;52;6;52;65530;430
600;428;46;0;52;65530;431
600;429;52;6;52;65530;431
600;429;46;0;52;65530;432
600;430;46;0;52;65530;432
600;431;47;0;52;65531;433
600;431;47;0;52;65531;433
600;431;47;0;52;65531;434
600;432;47;0;52;65531;434
600;433;47;0;52;65531;435
600;433;47;0;52;65531;435
600;434;40;65530;52;65530;436
600;434;47;0;52;65531;436
600;435;41;65530;52;65531;437
600;435;47;0;52;65531;437
600;436;40;65530;51;65531;438
600;436;46;0;51;65531;438
600;437;40;65530;51;65531;439
600;438;46;0;51;65531;439
600;438;40;65530;51;65531;440
600;439;48;0;51;65533;440
600;439;40;65530;51;65531;441
600;440;46;0;51;65531;441
600;440;39;65530;51;65530;442
600;440;46;0;51;65531;442
600;441;39;65530;51;65530;443
600;441;46;0;51;65531;443
600;441;46;0;51;65531;444
600;442;46;0;51;65531;444
600;443;39;65530;51;65530;445
600;443;46;0;51;65531;445
600;443;46;0;51;65531;446
600;444;54;6;51;65533;446
600;444;46;0;51;65531;447
600;445;54;6;51;65533;447
600;445;46;0;51;65531;448
600;445;52;6;51;65531;448
600;446;54;6;51;65533;449
600;446;54;6;51;65533;449
600;447;54;6;51;65533;450
600;447;55;6;52;65533;450
600;448;47;0;52;65531;451
600;448;55;6;52;65533;451
600;449;55;6;52;65533;452
600;449;55;6;52;65533;452
600;450;55;6;52;65533;453
600;450;53;6;52;65531;453
600;450;55;6;52;65533;454
600;451;61;12;52;65533;454
600;451;55;6;52;65533;455
600;452;63;12;53;65534;455
600;453;56;6;53;65533;456
600;453;54;6;53;65531;456
600;454;56;6;53;65533;457
600;454;54;6;53;65531;457
600;455;56;6;53;65533;458
600;455;54;6;53;65531;458
600;456;54;6;53;65531;459
600;456;54;6;53;65531;459
600;457;55;6;54;65531;460
600;458;55;6;54;65531;460
600;458;49;0;54;65531;461
600;459;55;6;54;65531;461
600;459;49;0;54;65531;462
600;460;55;6;54;65531;462
600;460;49;0;54;65531;463
600;461;48;0;54;65530;463
600;462;48;0;54;65530;464
600;462;47;0;54;65529;464
600;463;41;65530;54;65529;465
600;464;48;0;54;65530;465
600;464;41;65530;54;65529;466
600;464;48;0;54;65530;466
600;465;41;65530;54;65529;467
600;465;48;0;54;65530;467
600;466;41;65530;53;65530;468
600;467;47;0;53;65530;468
600;467;41;65530;53;65530;469
600;468;41;65530;53;65530;469
600;469;41;65530;53;65530;470
600;469;41;65530;53;65530;470
600;470;41;65530;53;65530;471
600;470;41;65530;53;65530;471
600;470;41;65530;53;65530;472
600;471;41;65530;53;65530;472
600;472;41;65530;53;65530;473
600;472;40;65530;52;65530;473
600;473;41;65530;52;65531;474
600;473;40;65530;52;65530;474
600;473;41;65530;52;65531;475
600;474;47;0;52;65531;475
600;474;41;65530;52;65531;476
600;474;47;0;52;65531;476
600;475;41;65530;52;65531;477
600;475;47;0;52;65531;477
600;476;41;65530;52;65531;478
600;476;47;0;52;65531;478
600;477;49;0;52;65533;479
600;477;47;0;52;65531;479
600;477;47;0;52;65531;480
600;478;55;6;52;65533;480
600;478;47;0;52;65531;481
600;478;55;6;52;65533;481
600;479;55;6;52;65533;482
600;479;55;6;52;65533;482
600;479;55;6;52;65533;483
600;480;62;12;53;65533;483
600;480;56;6;53;65533;484
600;480;62;12;53;65533;484
600;481;54;6;53;65531;485
600;482;62;12;53;65533;485
600;482;54;6;53;65531;486
600;482;60;12;53;65531;486
600;483;63;12;54;65533;487
600;483;55;6;54;65531;487
600;483;55;6;54;65531;488
600;484;55;6;54;65531;488
600;485;55;6;54;65531;489
600;485;55;6;54;65531;489
600;486;55;6;54;65531;490
600;486;55;6;54;65531;490
600;487;49;0;54;65531;491
600;488;55;6;54;65531;491
600;488;49;0;54;65531;492
600;488;56;6;55;65531;492
600;489;50;0;55;65531;493
600;489;56;6;55;65531;493
600;490;58;6;55;65533;494
600;491;56;6;55;65531;494
600;491;50;0;55;65531;495
600;492;56;6;55;65531;495
600;492;49;0;55;65530;496
600;493;56;6;55;65531;496
600;493;49;0;55;65530;497
600;494;56;6;55;65531;497
600;495;49;0;55;65530;498
600;495;48;0;55;65529;498
600;496;49;0;55;65530;499
600;496;49;0;55;65530;499
600;497;49;0;55;65530;500
600;497;49;0;55;65530;500
600;498;49;0;55;65530;501
600;498;49;0;55;65530;501
600;499;49;0;55;65530;502
600;499;49;0;55;65530;502
600;499;50;0;55;65531;503
600;500;56;6;55;65531;503
600;501;50;0;55;65531;504
600;501;56;6;55;65531;504
600;501;50;0;55;65531;505
600;502;56;6;55;65531;505
600;502;50;0;55;65531;506
600;503;57;6;56;65531;506
600;503;51;0;56;65531;507
600;504;57;6;56;65531;507
600;504;50;0;56;65530;508
600;505;57;6;56;65531;508
600;505;51;0;56;65531;509
600;505;59;6;56;65533;509
600;506;51;0;56;65531;510
600;507;59;6;56;65533;510
600;507;51;0;56;65531;511
600;507;59;6;56;65533;511
600;508;51;0;56;65531;512
600;508;59;6;56;65533;512
600;509;51;0;56;65531;513
600;509;57;6;56;65531;513
600;510;50;0;56;65530;514
600;511;57;6;56;65531;514
600;511;50;0;56;65530;515
600;512;57;6;56;65531;515
600;512;50;0;56;65530;516
600;513;58;6;57;65531;516
600;513;51;0;57;65530;517
600;514;58;6;57;65531;517
600;514;52;0;57;65531;518
600;515;60;6;57;65533;518
600;515;52;0;57;65531;519
600;516;52;0;57;65531;519
600;517;52;0;57;65531;520
600;517;52;0;57;65531;520
600;517;52;0;57;65531;521
600;518;52;0;57;65531;521
600;519;52;0;57;65531;522
600;519;52;0;57;65531;522
600;520;52;0;57;65531;523
600;521;52;0;57;65531;523
600;521;46;65530;57;65531;524
600;522;52;0;57;65531;524
600;522;46;65530;57;65531;525
600;523;52;0;57;65531;525
600;523;45;65530;56;65531;526
600;524;51;0;56;65531;526
600;524;45;65530;56;65531;527
600;525;51;0;56;65531;527
600;525;45;65530;56;65531;528
600;526;53;0;56;65533;528
600;526;45;65530;56;65531;529
600;527;45;65530;56;65531;529
600;527;45;65530;56;65531;530
600;528;45;65530;56;65531;530
600;529;45;65530;56;65531;531
600;529;45;65530;56;65531;531
600;529;45;65530;56;65531;532
600;530;53;0;56;65533;532
600;530;44;65530;55;65531;533
600;531;52;0;55;65533;533
600;531;46;65530;55;65533;534
600;532;44;65530;55;65531;534
600;532;46;65530;55;65533;535
600;533;52;0;55;65533;535
600;533;46;65530;55;65533;536
600;533;52;0;55;65533;536
600;534;52;0;55;65533;537
600;534;52;0;55;65533;537
600;534;52;0;55;65533;538
600;535;52;0;55;65533;538
600;536;53;0;55;65534;539
600;536;52;0;55;65533;539
600;537;52;0;55;65533;540
600;537;52;0;55;65533;540
600;537;52;0;55;65533;541
600;538;58;6;55;65533;541
600;538;52;0;55;65533;542
600;539;58;6;55;65533;542
600;539;52;0;55;65533;543
600;539;58;6;55;65533;543
600;540;59;6;55;65534;544
600;540;59;6;56;65533;544
600;541;59;6;56;65533;545
600;541;57;6;56;65531;545
600;542;50;0;56;65530;546
600;543;57;6;56;65531;546
600;543;50;0;56;65530;547
600;544;57;6;56;65531;547
600;544;50;0;56;65530;548
600;545;56;6;56;65530;548
600;545;50;0;56;65530;549
600;546;56;6;56;65530;549
600;546;50;0;56;65530;550
600;547;57;6;56;65531;550
600;547;50;0;56;65530;551
600;548;57;6;56;65531;551
600;548;50;0;56;65530;552
600;549;57;6;56;65531;552
600;549;50;0;56;65530;553
600;550;58;6;57;65531;553
600;550;58;6;57;65531;554
600;551;58;6;57;65531;554
600;551;51;0;57;65530;555
600;552;58;6;57;65531;555
600;552;51;0;57;65530;556
600;553;58;6;57;65531;556
600;553;51;0;57;65530;557
600;553;58;6;57;65531;557
600;554;51;0;57;65530;558
600;554;57;6;57;65530;558
600;555;51;0;57;65530;559
600;555;58;6;57;65531;559
600;556;51;0;57;65530;560
600;557;58;6;57;65531;560
600;557;51;0;57;65530;561
600;558;58;6;57;65531;561
600;558;51;0;57;65530;562
600;559;59;6;58;65531;562
600;559;53;0;58;65531;563
600;560;53;0;58;65531;563
600;560;53;0;58;65531;564
600;561;61;6;58;65533;564
600;562;46;65530;58;65530;565
600;562;53;0;58;65531;565
600;563;53;0;58;65531;566
600;563;53;0;58;65531;566
600;564;53;0;58;65531;567
600;564;53;0;58;65531;567
600;565;55;0;58;65533;568
600;565;53;0;58;65531;568
600;566;45;65530;57;65530;569
600;567;54;0;57;65533;569
600;567;46;65530;57;65531;570
600;568;45;65530;57;65530;570
600;568;46;65530;57;65531;571
600;569;52;0;57;65531;571
600;569;46;65530;57;65531;572
600;569;52;0;57;65531;572
600;570;46;65530;57;65531;573
600;570;54;0;57;65533;573
600;571;46;65530;57;65531;574
600;572;54;0;57;65533;574
600;572;48;65530;57;65533;575
600;573;54;0;57;65533;575
600;573;46;65530;57;65531;576
600;573;52;0;57;65531;576
600;574;52;0;57;65531;577
600;574;52;0;57;65531;577
600;574;52;0;57;65531;578
600;575;52;0;57;65531;578
600;576;52;0;57;65531;579
600;576;52;0;57;65531;579
600;577;52;0;57;65531;580
600;577;52;0;57;65531;580
600;577;52;0;57;65531;581
600;578;58;6;57;65531;581
600;578;52;0;57;65531;582
600;578;58;6;57;65531;582
600;579;52;0;57;65531;583
600;579;58;6;57;65531;583
600;580;60;6;57;65533;584
600;580;58;6;57;65531;584
600;581;60;6;57;65533;585
600;581;60;6;57;65533;585
600;582;60;6;57;65533;586
600;582;61;6;58;65533;586
600;583;53;0;58;65531;587
600;584;61;6;58;65533;587
600;584;53;0;58;65531;588
600;584;59;6;58;65531;588
600;585;53;0;58;65531;589
600;585;59;6;58;65531;589
600;586;53;0;58;65531;590
600;586;59;6;58;65531;590
600;587;53;0;58;65531;591
600;588;61;6;58;65533;591
600;588;53;0;58;65531;592
600;589;61;6;58;65533;592
600;589;53;0;58;65531;593
600;590;53;0;58;65531;593
600;590;53;0;58;65531;594
600;591;59;6;58;65531;594
600;592;52;0;58;65530;595
600;592;46;65530;58;65530;595
600;593;52;0;58;65530;596
600;593;46;65530;58;65530;596
600;594;46;65530;58;65530;597
600;594;46;65530;58;65530;597
600;594;47;65530;58;65531;598
600;595;40;65524;58;65530;598
600;595;45;65530;57;65530;599
600;596;39;65524;57;65530;599
600;597;40;65524;57;65531;600
600;597;39;65524;57;65530;600
600;597;40;65524;57;65531;600
600;598;32;65518;56;65530;600
600;598;39;65524;56;65531;600
600;598;39;65524;56;65531;600
600;599;33;65518;56;65531;600
600;599;32;65518;55;65531;600
600;599;40;65524;55;65533;600
600;600;32;65518;55;65531;600
600;600;34;65518;55;65533;600
600;600;33;65518;54;65533;600
600;601;33;65518;54;65533;600
600;601;33;65518;54;65533;600
600;602;32;65518;53;65533;600
600;602;33;65518;53;65534;600
600;602;33;65518;53;65534;600
600;602;32;65518;52;65534;600
600;602;33;65518;52;65535;600
600;602;33;65518;52;65535;600
600;602;33;65518;52;65535;600
600;603;32;65518;51;65535;600
600;603;32;65518;51;65535;600
600;603;32;65518;51;65535;600
600;603;31;65518;50;65535;600
600;603;31;65518;50;65535;600
600;603;31;65518;50;65535;600
600;603;30;65518;49;65535;600
600;604;23;65512;49;65534;600
600;604;23;65512;49;65534;600
600;604;23;65512;48;65535;600
600;604;23;65512;48;65535;600
600;604;22;65512;47;65535;600
600;604;22;65512;47;65535;600
600;604;22;65512;47;65535;600
600;604;21;65512;46;65535;600
600;604;21;65512;46;65535;600
600;604;21;65512;45;0;600
600;604;21;65512;45;0;600
600;604;21;65512;45;0;600
600;604;20;65512;44;0;600
600;604;20;65512;44;0;600
600;604;19;65512;43;0;600
600;604;19;65512;43;0;600
600;604;19;65512;43;0;600
600;604;18;65512;42;0;600
600;604;18;65512;42;0;600
600;604;17;65512;41;0;600
600;604;17;65512;41;0;600
600;604;17;65512;41;0;600
600;604;16;65512;40;0;600
600;603;23;65518;40;1;600
600;603;23;65518;40;1;600
600;603;22;65518;39;1;600
600;603;22;65518;39;1;600
600;603;22;65518;39;1;600
600;603;21;65518;38;1;600
600;603;21;65518;38;1;600
600;603;21;65518;38;1;600
600;602;28;65524;38;2;600
600;602;26;65524;37;1;600
600;602;26;65524;37;1;600
600;602;26;65524;37;1;600
600;602;26;65524;37;1;600
600;602;26;65524;37;1;600
600;602;25;65524;36;1;600
600;602;32;65530;36;2;600
600;601;32;65530;36;2;600
